positive,totalTestResults,totalTestEncountersViral,positiveIncrease,total,totalTestResultsIncrease,posNeg,deathIncrease,hospitalizedIncrease,is_holiday,is_long_weekend,Ridership,sevenDayAvg_newCases,sevenDayAvg_hospitalize,sevenDayAvg_death,sevenDayAvg_testResult,date
0,0,0,0,0,0,0,0,0,0.0,0.0,5347055.0,0,0,0,0,2020-03-02
1,1,1,1,1,1,1,0,0,0.0,0.0,5498556.0,0,0,0,0,2020-03-03
1,10,10,0,25,9,1,0,0,0.0,0.0,5515945.0,0,0,0,0,2020-03-04
3,30,30,2,27,20,3,0,0,0.0,0.0,5513656.0,0,0,0,0,2020-03-05
25,122,122,22,261,92,25,0,0,0.0,0.0,5204732.0,0,0,0,0,2020-03-06
36,188,188,11,272,66,36,0,0,0.0,0.0,2817082.0,0,0,0,0,2020-03-07
60,388,388,24,60,200,60,0,0,0.0,0.0,2122328.0,0,0,0,0,2020-03-08
88,695,695,28,88,307,88,0,0,0.0,0.0,4989635.0,13,0,0,99,2020-03-09
151,1096,1096,63,151,401,151,0,0,0.0,0.0,4883623.0,21,0,0,156,2020-03-10
195,1521,1521,44,195,425,195,0,0,0.0,0.0,4712462.0,28,0,0,216,2020-03-11
251,2074,2074,56,251,553,251,0,0,0.0,0.0,4163674.0,35,0,0,292,2020-03-12
353,2836,2836,102,353,762,353,0,0,0.0,0.0,3496765.0,47,0,0,388,2020-03-13
517,4126,4126,164,517,1290,517,0,0,0.0,0.0,1672800.0,69,0,0,563,2020-03-14
648,5419,5419,131,648,1293,648,3,0,0.0,0.0,1159079.0,84,0,0,719,2020-03-15
942,7355,7355,294,942,1936,942,4,0,0.0,0.0,2184296.0,122,0,1,951,2020-03-16
1374,10262,10262,432,1374,2907,1374,0,0,0.0,0.0,1793359.0,175,0,1,1309,2020-03-17
2383,14815,14815,1009,2383,4553,2383,5,0,0.0,0.0,1629413.0,313,0,2,1899,2020-03-18
4152,22513,22513,1769,4152,7698,4152,0,0,0.0,0.0,1425564.0,557,0,2,2920,2020-03-19
7102,32637,32637,2950,7102,10124,7102,23,0,0.0,0.0,1312249.0,964,0,5,4257,2020-03-20
10356,45724,45724,3254,10356,13087,10356,9,1531,0.0,0.0,620662.0,1406,219,6,5943,2020-03-21
15168,61753,61753,4812,15168,16029,15168,70,823,0.0,0.0,409364.0,2074,336,16,8048,2020-03-22
20875,78565,78565,5707,20875,16812,20875,0,771,0.0,0.0,711138.0,2848,446,15,10173,2020-03-23
25665,91517,91517,4790,25665,12952,25665,96,916,0.0,0.0,743314.0,3470,577,29,11608,2020-03-24
30810,103659,103659,5145,30810,12142,30810,75,1085,0.0,0.0,691604.0,4061,732,39,12692,2020-03-25
37258,122310,122310,6448,37258,18651,37258,100,1795,0.0,0.0,681923.0,4729,989,53,14257,2020-03-26
44637,138625,138625,7379,44637,16315,44637,134,1811,0.0,0.0,658312.0,5362,1247,69,15141,2020-03-27
52318,156069,156069,7681,52318,17444,52318,209,1722,0.0,0.0,332993.0,5995,1275,98,15764,2020-03-28
59513,172470,172470,7195,59513,16401,59513,237,2241,0.0,0.0,264119.0,6335,1477,122,15817,2020-03-29
66497,186585,186585,6984,66497,14115,66497,253,1883,0.0,0.0,546355.0,6517,1636,158,15431,2020-03-30
75795,205233,205233,9298,75795,18648,75795,332,2507,0.0,0.0,509149.0,7161,1863,191,16245,2020-03-31
83712,220934,220934,7917,83712,15701,83712,391,2844,0.0,0.0,514201.0,7557,2115,237,16754,2020-04-01
92381,238965,238965,8669,92381,18031,92381,432,2857,0.0,0.0,486468.0,7875,2266,284,16665,2020-04-02
102863,260520,260520,10482,102863,21555,102863,562,3424,0.0,0.0,484200.0,8318,2497,345,17414,2020-04-03
113704,283621,283621,10841,113704,23101,113704,630,3261,0.0,0.0,282703.0,8769,2717,405,18222,2020-04-04
122031,302280,302280,8327,122031,18659,122031,594,2822,0.0,0.0,227603.0,8931,2800,456,18544,2020-04-05
130689,320811,320811,8658,130689,18531,130689,599,2084,0.0,0.0,446273.0,9170,2828,506,19175,2020-04-06
138863,340058,340058,8174,138863,19247,138863,731,2555,0.0,0.0,435718.0,9010,2835,563,19261,2020-04-07
149316,365153,365153,10453,149316,25095,149316,779,3050,0.0,0.0,428206.0,9372,2865,618,20603,2020-04-08
159937,391549,391549,10621,159937,26396,159937,799,2870,0.0,0.0,405325.0,9651,2867,671,21798,2020-04-09
170512,417885,417885,10575,170512,26336,170512,777,2916,0.0,0.0,400947.0,9664,2794,701,22481,2020-04-10
180458,440980,440980,9946,180458,23095,180458,783,2529,0.0,0.0,257467.0,9536,2689,723,22480,2020-04-11
188694,461601,461601,8236,188694,20621,188694,758,2622,0.0,0.0,198693.0,9523,2661,747,22760,2020-04-12
195031,478357,478357,6337,195031,16756,195031,671,2017,0.0,0.0,363961.0,9192,2651,757,22507,2020-04-13
202208,499143,499143,7177,202208,20786,202208,778,1717,0.0,0.0,430946.0,9049,2532,764,22726,2020-04-14
213779,526012,526012,11571,213779,26869,213779,752,2315,0.0,0.0,419851.0,9209,2427,760,22980,2020-04-15
222284,550579,550579,8505,222284,24567,222284,606,2084,0.0,0.0,421013.0,8907,2314,732,22719,2020-04-16
229642,573223,573223,7358,229642,22644,229642,630,2068,0.0,0.0,433106.0,8447,2193,711,22191,2020-04-17
236732,596532,596532,7090,236732,23309,236732,540,1983,0.0,0.0,254792.0,8039,2115,676,22222,2020-04-18
242786,617555,617555,6054,242786,21023,242786,507,1447,0.0,0.0,224751.0,7727,1947,641,22279,2020-04-19
247512,633861,633861,4726,247512,16306,247512,478,1419,0.0,0.0,438622.0,7497,1862,613,22215,2020-04-20
251690,649325,649325,4178,251690,15464,251690,481,1302,0.0,0.0,422860.0,7069,1803,571,21455,2020-04-21
257216,669982,669982,5526,257216,20657,257216,474,1502,0.0,0.0,459574.0,6205,1686,531,20567,2020-04-22
263460,695920,695920,6244,263460,25938,263460,438,1409,0.0,0.0,454300.0,5882,1590,507,20763,2020-04-23
271590,730656,730656,8130,271590,34736,271590,422,1191,0.0,0.0,444644.0,5993,1465,477,22490,2020-04-24
282143,777568,777568,10553,282143,46912,282143,437,1071,0.0,0.0,295836.0,6487,1334,462,25862,2020-04-25
288045,805350,805350,5902,288045,27782,288045,367,1096,0.0,0.0,219096.0,6466,1284,442,26828,2020-04-26
291996,826095,826095,3951,291996,20745,291996,337,1062,0.0,0.0,463700.0,6355,1233,422,27462,2020-04-27
295106,844994,844994,3110,295106,18899,295106,335,760,0.0,0.0,490073.0,6202,1156,401,27953,2020-04-28
299691,872481,872481,4585,299691,27487,299691,377,1088,0.0,0.0,478589.0,6068,1097,388,28928,2020-04-29
304372,900636,900636,4681,304372,28155,304372,306,950,0.0,0.0,466633.0,5845,1031,369,29245,2020-04-30
308314,927438,927438,3942,308314,26802,308314,289,824,0.0,0.0,495312.0,5246,979,350,28112,2020-05-01
312977,959017,959017,4663,312977,31579,312977,299,718,0.0,0.0,326354.0,4405,928,330,25921,2020-05-02
316415,985911,985911,3438,316415,26894,316415,280,826,0.0,0.0,259199.0,4053,890,318,25794,2020-05-03
318953,1007310,1007310,2538,318953,21399,318953,226,608,0.0,0.0,512763.0,3851,825,302,25888,2020-05-04
321192,1028899,1028899,2239,321192,21589,321192,230,542,0.0,0.0,522979.0,3727,794,287,26272,2020-05-05
323978,1055921,1055921,2786,323978,27022,323978,232,652,0.0,0.0,509646.0,3470,731,266,26206,2020-05-06
327469,1089916,1089916,3491,327469,33995,327469,951,627,0.0,0.0,536003.0,3300,685,358,27040,2020-05-07
330407,1121543,1121543,2938,330407,31627,330407,217,533,0.0,0.0,526865.0,3156,644,348,27729,2020-05-08
333122,1153768,1153768,2715,333122,32225,333122,226,555,0.0,0.0,317372.0,2878,620,337,27822,2020-05-09
335395,1182998,1182998,2273,335395,29230,335395,207,476,0.0,0.0,272353.0,2711,570,327,28155,2020-05-10
337055,1204650,1204650,1660,337055,21652,337055,162,433,0.0,0.0,521702.0,2586,545,318,28191,2020-05-11
338485,1225113,1225113,1430,338485,20463,338485,205,295,0.0,0.0,554286.0,2470,510,314,28031,2020-05-12
340661,1258907,1258907,2176,340661,33794,340661,168,519,0.0,0.0,566333.0,2383,491,305,28998,2020-05-13
343051,1298757,1298757,2390,343051,39850,343051,157,446,0.0,0.0,568315.0,2226,465,192,29834,2020-05-14
345813,1338048,1338048,2762,345813,39291,345813,134,328,0.0,0.0,588784.0,2201,436,180,30929,2020-05-15
348232,1378717,1378717,2419,348232,40669,348232,174,425,0.0,0.0,361329.0,2159,417,172,32136,2020-05-16
350121,1413396,1413396,1889,350121,34679,350121,141,368,0.0,0.0,287755.0,2104,402,163,32914,2020-05-17
351371,1439557,1439557,1250,351371,26161,351371,110,326,0.0,0.0,596505.0,2045,387,156,33558,2020-05-18
352845,1467739,1467739,1474,352845,28182,352845,114,268,0.0,0.0,611951.0,2051,383,143,34661,2020-05-19
354370,1505836,1505836,1525,354370,38097,354370,133,290,0.0,0.0,624793.0,1958,350,138,35276,2020-05-20
356458,1555055,1555055,2088,356458,49219,356458,107,179,0.0,0.0,630367.0,1915,312,130,36614,2020-05-21
358154,1600793,1600793,1696,358154,45738,358154,112,205,0.0,0.0,634929.0,1763,294,127,37535,2020-05-22
359926,1652061,1652061,1772,359926,51268,359926,87,240,0.0,0.0,336250.0,1671,268,115,39049,2020-05-23
361515,1699826,1699826,1589,361515,47765,361515,109,241,0.0,0.0,320376.0,1628,250,110,40919,2020-05-24
362764,1739449,1739449,1249,362764,39623,362764,97,230,1.0,1.0,394359.0,1628,236,108,42842,2020-05-25
363836,1774128,1774128,1072,363836,34679,363836,76,132,0.0,0.0,657939.0,1570,217,103,43770,2020-05-26
364965,1811544,1811544,1129,364965,37416,364965,79,180,0.0,0.0,675705.0,1514,201,95,43673,2020-05-27
366733,1876789,1876789,1768,366733,65245,366733,79,176,0.0,0.0,659248.0,1468,201,91,45962,2020-05-28
368284,1944130,1944130,1551,368284,67341,368284,58,152,0.0,0.0,658353.0,1447,193,84,49048,2020-05-29
369660,2005381,2005381,1376,369660,61251,369660,68,206,0.0,0.0,426755.0,1391,188,81,50474,2020-05-30
370770,2063825,2063825,1110,370770,58444,370770,57,190,0.0,0.0,344428.0,1322,181,73,52000,2020-05-31
371711,2113777,2113777,941,371711,49952,371711,54,113,0.0,0.0,688520.0,1278,164,67,53475,2020-06-01
373040,2167831,2167831,1329,373040,54054,373040,64,158,0.0,0.0,695276.0,1315,168,66,56243,2020-06-02
374085,2229473,2229473,1045,374085,61642,374085,56,134,0.0,0.0,683037.0,1303,161,62,59704,2020-06-03
375133,2293032,2293032,1048,375133,63559,375133,54,0,0.0,0.0,728018.0,1200,136,59,59463,2020-06-04
376208,2359512,2359512,1075,376208,66480,376208,42,0,0.0,0.0,704825.0,1132,114,56,59340,2020-06-05
377316,2437407,2437407,1108,377316,77895,377316,37,0,0.0,0.0,464207.0,1094,85,52,61718,2020-06-06
378097,2497842,2497842,781,378097,60435,378097,47,0,0.0,0.0,378085.0,1047,58,51,62002,2020-06-07
378799,2555896,2555896,702,378799,58054,378799,40,0,0.0,0.0,806138.0,1013,42,49,63160,2020-06-08
379482,2605869,2605869,683,379482,49973,379482,49,0,0.0,0.0,843968.0,920,19,46,62577,2020-06-09
380156,2668166,2668166,674,380156,62297,380156,56,0,0.0,0.0,858782.0,867,0,46,62670,2020-06-10
380892,2729005,2729005,736,380892,60839,380892,38,0,0.0,0.0,819873.0,823,0,44,62282,2020-06-11
381714,2801400,2801400,822,381714,72395,381714,53,0,0.0,0.0,898314.0,787,0,46,63127,2020-06-12
382630,2872240,2872240,916,382630,70840,382630,32,0,0.0,0.0,545333.0,759,0,45,62119,2020-06-13
383324,2934599,2934599,694,383324,62359,383324,24,0,0.0,0.0,430446.0,747,0,42,62394,2020-06-14
383944,2991210,2991210,620,383944,56611,383944,28,0,0.0,0.0,898925.0,735,0,40,62188,2020-06-15
384575,3051778,3051778,631,384575,60568,384575,29,0,0.0,0.0,934545.0,728,0,37,63701,2020-06-16
385142,3111119,3111119,567,385142,59341,385142,21,0,0.0,0.0,950318.0,712,0,32,63279,2020-06-17
385760,3179660,3179660,618,385760,68541,385760,32,0,0.0,0.0,944318.0,695,0,31,64379,2020-06-18
386556,3258963,3258963,796,386556,79303,386556,25,0,0.0,0.0,988680.0,692,0,27,65366,2020-06-19
387272,3327793,3327793,716,387272,68830,387272,24,0,0.0,0.0,576097.0,663,0,26,65079,2020-06-20
387936,3395319,3395319,664,387936,67526,387936,15,0,0.0,0.0,449497.0,659,0,25,65817,2020-06-21
388488,3452099,3452099,552,388488,56780,388488,14,0,0.0,0.0,1002073.0,649,0,23,65841,2020-06-22
389085,3500808,3500808,597,389085,48709,389085,27,0,0.0,0.0,1053005.0,644,0,23,64147,2020-06-23
389666,3551952,3551952,581,389666,51144,389666,16,0,0.0,0.0,1070527.0,646,0,22,62976,2020-06-24
390415,3619594,3619594,749,390415,67642,390415,18,0,0.0,0.0,1081006.0,665,0,20,62848,2020-06-25
391220,3681317,3681317,805,391220,61723,391220,14,0,0.0,0.0,1104497.0,666,0,18,60336,2020-06-26
391923,3754579,3754579,703,391923,73262,391923,16,0,0.0,0.0,616084.0,664,0,17,60969,2020-06-27
392539,3816485,3816485,616,392539,61906,392539,5,0,0.0,0.0,536488.0,658,0,16,60167,2020-06-28
392930,3862913,3862913,391,392930,46428,392930,7,0,0.0,0.0,1103086.0,635,0,15,58688,2020-06-29
393454,3914938,3914938,524,393454,52025,393454,13,0,1.0,1.0,1115510.0,624,0,13,59161,2020-06-30
394079,3971648,3971648,625,394079,56710,394079,11,0,0.0,0.0,1122842.0,630,0,12,59957,2020-07-01
394954,4041593,4041593,875,394954,69945,394954,11,0,0.0,0.0,1172248.0,648,0,11,60286,2020-07-02
395872,4107985,4107985,918,395872,66392,395872,8,0,0.0,0.0,847811.0,665,0,10,60953,2020-07-03
396598,4170388,4170388,726,396598,62403,396598,11,0,0.0,0.0,592295.0,668,0,9,59401,2020-07-04
397131,4233803,4233803,533,397131,63415,397131,8,0,0.0,0.0,534220.0,656,0,10,59617,2020-07-05
397649,4288131,4288131,518,397649,54328,397649,9,0,0.0,0.0,1087178.0,674,0,10,60745,2020-07-06
398237,4344867,4344867,588,398237,56736,398237,11,0,0.0,0.0,1159588.0,683,0,10,61418,2020-07-07
398929,4402452,4402452,692,398929,57585,398929,20,0,0.0,0.0,1174733.0,693,0,11,61543,2020-07-08
399513,4468016,4468016,584,399513,65564,399513,15,0,0.0,0.0,1213851.0,651,0,12,60918,2020-07-09
400299,4541574,4541574,786,400299,73558,400299,9,0,0.0,0.0,1032749.0,632,0,12,61941,2020-07-10
401029,4610777,4610777,730,401029,69203,401029,6,0,0.0,0.0,693789.0,633,0,11,62913,2020-07-11
401706,4673195,4673195,677,401706,62418,401706,5,0,0.0,0.0,628918.0,654,0,11,62770,2020-07-12
402263,4724882,4724882,557,402263,51687,402263,10,0,0.0,0.0,1178204.0,659,0,11,62393,2020-07-13
403175,4784927,4784927,912,403175,60045,403175,5,0,0.0,0.0,1243749.0,705,0,10,62866,2020-07-14
404006,4848525,4848525,831,404006,63598,404006,9,0,0.0,0.0,1251164.0,725,0,8,63725,2020-07-15
404775,4921210,4921210,769,404775,72685,404775,11,0,0.0,0.0,1251884.0,752,0,8,64742,2020-07-16
405551,4999449,4999449,776,405551,78239,405551,10,0,0.0,0.0,1209692.0,750,0,8,65411,2020-07-17
406305,5069266,5069266,754,406305,69817,406305,11,0,0.0,0.0,779722.0,754,0,9,65498,2020-07-18
406807,5115470,5115470,502,406807,46204,406807,13,0,0.0,0.0,585498.0,729,0,10,63182,2020-07-19
407326,5164812,5164812,519,407326,49342,407326,8,0,0.0,0.0,1159163.0,723,0,10,62847,2020-07-20
408181,5230981,5230981,855,408181,66169,408181,2,0,0.0,0.0,1244544.0,715,0,9,63722,2020-07-21
408886,5298640,5298640,705,408886,67659,408886,10,0,0.0,0.0,1236384.0,697,0,9,64302,2020-07-22
409697,5368338,5368338,811,409697,69698,409697,13,0,0.0,0.0,1236427.0,703,0,10,63875,2020-07-23
410450,5444845,5444845,753,410450,76507,410450,9,0,0.0,0.0,1220649.0,700,0,9,63628,2020-07-24
411200,5516311,5516311,750,411200,71466,411200,13,0,0.0,0.0,817403.0,699,0,10,63864,2020-07-25
411736,5569879,5569879,536,411736,53568,411736,3,0,0.0,0.0,607452.0,704,0,8,64916,2020-07-26
412344,5627149,5627149,608,412344,57270,412344,11,0,0.0,0.0,1206129.0,717,0,9,66048,2020-07-27
412878,5684546,5684546,534,412878,57397,412878,9,0,0.0,0.0,1244405.0,671,0,10,64795,2020-07-28
413593,5746822,5746822,715,413593,62276,413593,6,0,0.0,0.0,1298880.0,672,0,9,64026,2020-07-29
414370,5820368,5820368,777,414370,73546,414370,13,0,0.0,0.0,1272918.0,668,0,9,64576,2020-07-30
415014,5889237,5889237,644,415014,68869,415014,5,0,0.0,0.0,1260968.0,652,0,9,63485,2020-07-31
415767,5971974,5971974,753,415767,82737,415767,14,0,0.0,0.0,843372.0,652,0,9,65095,2020-08-01
416298,6030935,6030935,531,416298,58961,416298,6,0,0.0,0.0,590675.0,652,0,9,65865,2020-08-02
416843,6082774,6082774,545,416843,51839,416843,2,0,0.0,0.0,1275951.0,643,0,8,65089,2020-08-03
417589,6153767,6153767,746,417589,70993,417589,3,0,0.0,0.0,1028686.0,673,0,7,67032,2020-08-04
418225,6226435,6226435,636,418225,72668,418225,4,0,0.0,0.0,1351026.0,662,0,7,68516,2020-08-05
418928,6298805,6298805,703,418928,72370,418928,6,0,0.0,0.0,1337819.0,651,0,6,68348,2020-08-06
419642,6368975,6368975,714,419642,70170,419642,5,0,0.0,0.0,1286635.0,661,0,6,68534,2020-08-07
420345,6443832,6443832,703,420345,74857,420345,5,0,0.0,0.0,834093.0,654,0,4,67408,2020-08-08
420860,6509644,6509644,515,420860,65812,420860,7,0,0.0,0.0,663642.0,652,0,5,68387,2020-08-09
421336,6563646,6563646,476,421336,54002,421336,2,0,0.0,0.0,1278263.0,642,0,5,68696,2020-08-10
422003,6640705,6640705,667,422003,77059,422003,7,0,0.0,0.0,1322978.0,631,0,5,69563,2020-08-11
422703,6728481,6728481,700,422703,87776,422703,7,0,0.0,0.0,1302087.0,640,0,6,71721,2020-08-12
423440,6816381,6816381,737,423440,87900,423440,10,0,0.0,0.0,1294248.0,645,0,6,73939,2020-08-13
424167,6901836,6901836,727,424167,85455,424167,4,0,0.0,0.0,1358798.0,646,0,6,76123,2020-08-14
424901,6990504,6990504,734,424901,88668,424901,12,0,0.0,0.0,861763.0,651,0,7,78096,2020-08-15
425508,7068196,7068196,607,425508,77692,425508,6,0,0.0,0.0,554980.0,664,0,7,79793,2020-08-16
425916,7125087,7125087,408,425916,56891,425916,6,0,0.0,0.0,1307543.0,654,0,7,80206,2020-08-17
426571,7191978,7191978,655,426571,66891,426571,8,0,0.0,0.0,1372568.0,653,0,8,78753,2020-08-18
427202,7272403,7272403,631,427202,80425,427202,6,0,0.0,0.0,1294931.0,643,0,7,77703,2020-08-19
427803,7353387,7353387,601,427803,80984,427803,5,0,0.0,0.0,1413449.0,623,0,7,76715,2020-08-20
428512,7452267,7452267,709,428512,98880,428512,3,0,0.0,0.0,1390232.0,621,0,7,78633,2020-08-21
429165,7547116,7547116,653,429165,94849,429165,4,0,0.0,0.0,883393.0,609,0,5,79516,2020-08-22
429737,7621159,7621159,572,429737,74043,429737,6,0,0.0,0.0,672193.0,604,0,5,78995,2020-08-23
430145,7683190,7683190,408,430145,62031,430145,7,0,0.0,0.0,1310101.0,604,0,6,79729,2020-08-24
430774,7750445,7750445,629,430774,67255,430774,2,0,0.0,0.0,1349335.0,600,0,5,79781,2020-08-25
431340,7821634,7821634,566,431340,71189,431340,8,0,0.0,0.0,1410651.0,591,0,5,78462,2020-08-26
432131,7905071,7905071,791,432131,83437,432131,4,0,0.0,0.0,1361128.0,618,0,5,78812,2020-08-27
432767,8002897,8002897,636,432767,97826,432767,3,0,0.0,0.0,1391299.0,608,0,5,78661,2020-08-28
433402,8096770,8096770,635,433402,93873,433402,7,0,0.0,0.0,774465.0,605,0,5,78522,2020-08-29
434100,8196792,8196792,698,434100,100022,434100,8,0,0.0,0.0,748886.0,623,0,6,82233,2020-08-30
434756,8263033,8263033,656,434756,66241,434756,1,0,0.0,0.0,1400448.0,659,0,5,82835,2020-08-31
435510,8340030,8340030,754,435510,76997,435510,3,0,0.0,0.0,1472491.0,677,0,5,84226,2020-09-01
436218,8428477,8428477,708,436218,88447,436218,5,0,0.0,0.0,1491161.0,697,0,4,86692,2020-09-02
437107,8517458,8517458,889,437107,88981,437107,7,0,0.0,0.0,1532512.0,711,0,5,87484,2020-09-03
437971,8610853,8610853,864,437971,93395,437971,5,0,0.0,0.0,1571533.0,743,0,5,86851,2020-09-04
438772,8710614,8710614,801,438772,99761,438772,2,0,0.0,0.0,1013746.0,767,0,4,87692,2020-09-05
439501,8796244,8796244,729,439501,85630,439501,9,0,0.0,0.0,819600.0,772,0,5,85636,2020-09-06
440021,8855109,8855109,520,440021,58865,440021,2,0,1.0,1.0,872174.0,752,0,5,84582,2020-09-07
440578,8912935,8912935,557,440578,57826,440578,6,0,0.0,0.0,1559312.0,724,0,5,81844,2020-09-08
441154,8976165,8976165,576,441154,63230,441154,3,0,0.0,0.0,1613662.0,705,0,5,78241,2020-09-09
441911,9052978,9052978,757,441911,76813,441911,7,0,0.0,0.0,1547065.0,686,0,5,76503,2020-09-10
442791,9142700,9142700,880,442791,89722,442791,5,0,0.0,0.0,1693776.0,689,0,5,75978,2020-09-11
443640,9245625,9245625,849,443640,102925,443640,2,0,0.0,0.0,1083727.0,695,0,5,76430,2020-09-12
444365,9318293,9318293,725,444365,72668,444365,6,0,0.0,0.0,796744.0,695,0,4,74578,2020-09-13
444948,9381651,9381651,583,444948,63358,444948,4,0,0.0,0.0,1607896.0,704,0,5,75220,2020-09-14
445714,9455329,9455329,766,445714,73678,445714,11,0,0.0,0.0,1681774.0,734,0,5,77485,2020-09-15
446366,9530416,9530416,652,446366,75087,446366,5,0,0.0,0.0,1690405.0,745,0,6,79179,2020-09-16
447262,9621920,9621920,896,447262,91504,447262,3,0,0.0,0.0,1695985.0,764,0,5,81277,2020-09-17
448052,9711647,9711647,790,448052,89727,448052,10,0,0.0,0.0,1728810.0,752,0,6,81278,2020-09-18
449038,9822091,9822091,986,449038,110444,449038,2,0,0.0,0.0,1137948.0,771,0,6,82352,2020-09-19
449900,9922446,9922446,862,449900,100355,449900,2,0,0.0,0.0,828365.0,791,0,5,86308,2020-09-20
450473,9980765,9980765,573,450473,58319,450473,1,0,0.0,0.0,1627636.0,789,0,5,85588,2020-09-21
451227,10064762,10064762,754,451227,83997,451227,4,0,0.0,0.0,1702325.0,788,0,4,87062,2020-09-22
451892,10135692,10135692,665,451892,70930,451892,5,0,0.0,0.0,1739043.0,789,0,4,86468,2020-09-23
452847,10228645,10228645,955,452847,92953,452847,2,0,0.0,0.0,1726180.0,798,0,4,86675,2020-09-24
453755,10323463,10323463,908,453755,94818,453755,7,0,0.0,0.0,1765299.0,815,0,3,87402,2020-09-25
454760,10423416,10423416,1005,454760,99953,454760,4,0,0.0,0.0,1120175.0,817,0,4,85904,2020-09-26
455626,10508186,10508186,866,455626,84770,455626,6,0,0.0,0.0,846184.0,818,0,4,83677,2020-09-27
456460,10561122,10561122,834,456460,52936,456460,12,0,0.0,0.0,1492611.0,855,0,6,82908,2020-09-28
457649,10649353,10649353,1189,457649,88231,457649,2,0,0.0,0.0,1664896.0,917,0,5,83513,2020-09-29
458649,10747313,10747313,1000,458649,97960,458649,9,0,0.0,0.0,1744524.0,965,0,6,87374,2020-09-30
460031,10856531,10856531,1382,460031,109218,460031,11,0,0.0,0.0,1813961.0,1026,0,7,89698,2020-10-01
461629,10976024,10976024,1598,461629,119493,461629,7,0,0.0,0.0,1794201.0,1125,0,7,93223,2020-10-02
463360,11110291,11110291,1731,463360,134267,463360,8,0,0.0,0.0,1168073.0,1229,0,8,98125,2020-10-03
464582,11220620,11220620,1222,464582,110329,464582,14,0,0.0,0.0,853591.0,1279,0,9,101776,2020-10-04
465515,11297024,11297024,933,465515,76404,465515,8,0,0.0,0.0,1682379.0,1294,0,8,105129,2020-10-05
466908,11393383,11393383,1393,466908,96359,466908,9,0,0.0,0.0,1762320.0,1323,0,9,106290,2020-10-06
468268,11501629,11501629,1360,468268,108246,468268,9,0,0.0,0.0,1774408.0,1374,0,9,107759,2020-10-07
470104,11647440,11647440,1836,470104,145811,470104,10,0,0.0,0.0,1801918.0,1439,0,9,112987,2020-10-08
471696,11786740,11786740,1592,471696,139300,471696,6,0,0.0,0.0,1811779.0,1438,0,9,115817,2020-10-09
473143,11921319,11921319,1447,473143,134579,473143,8,0,0.0,0.0,1171657.0,1398,0,9,115861,2020-10-10
474286,12039573,12039573,1143,474286,118254,474286,5,0,0.0,0.0,849518.0,1386,0,8,116993,2020-10-11
475315,12131366,12131366,1029,475315,91793,475315,13,0,1.0,1.0,1286892.0,1400,0,9,119192,2020-10-12
476708,12230436,12230436,1393,476708,99070,476708,11,0,0.0,0.0,1718853.0,1400,0,9,119579,2020-10-13
477940,12342180,12342180,1232,477940,111744,477940,7,0,0.0,0.0,1842638.0,1382,0,9,120079,2020-10-14
479400,12475392,12475392,1460,479400,133212,479400,13,0,0.0,0.0,1857822.0,1328,0,9,118279,2020-10-15
481107,12611431,12611431,1707,481107,136039,481107,10,0,0.0,0.0,1674686.0,1344,0,10,117813,2020-10-16
482891,12771403,12771403,1784,482891,159972,482891,9,0,0.0,0.0,1211061.0,1393,0,10,121441,2020-10-17
484281,12900166,12900166,1390,484281,128763,484281,7,0,0.0,0.0,897886.0,1428,0,10,122942,2020-10-18
485279,12982175,12982175,998,485279,82009,485279,15,0,0.0,0.0,1722723.0,1423,0,10,121544,2020-10-19
486480,13072715,13072715,1201,486480,90540,486480,13,0,0.0,0.0,1784090.0,1396,0,11,120326,2020-10-20
488506,13197504,13197504,2026,488506,124789,488506,7,0,0.0,0.0,1816797.0,1509,0,11,122189,2020-10-21
490134,13332845,13332845,1628,490134,135341,490134,15,0,0.0,0.0,1829135.0,1533,0,11,122493,2020-10-22
491771,13474353,13474353,1637,491771,141508,491771,11,0,0.0,0.0,1846268.0,1523,0,11,123275,2020-10-23
493832,13631293,13631293,2061,493832,156940,493832,13,0,0.0,0.0,1185612.0,1563,0,12,122841,2020-10-24
495464,13752123,13752123,1632,495464,120830,495464,12,0,0.0,0.0,885001.0,1598,0,12,121708,2020-10-25
496655,13834240,13834240,1191,496655,82117,496655,12,0,0.0,0.0,1694080.0,1625,0,12,121724,2020-10-26
498646,13945858,13945858,1991,498646,111618,498646,16,0,0.0,0.0,1818884.0,1738,0,12,124735,2020-10-27
500677,14075518,14075518,2031,500677,129660,500677,15,0,0.0,0.0,1823028.0,1739,0,13,125431,2020-10-28
503176,14243871,14243871,2499,503176,168353,503176,19,0,0.0,0.0,1708611.0,1863,0,14,130147,2020-10-29
505431,14390756,14390756,2255,505431,146885,505431,12,0,0.0,0.0,1771288.0,1951,0,14,130915,2020-10-30
507480,14527718,14527718,2049,507480,136962,507480,3,0,0.0,0.0,1174079.0,1950,0,13,128061,2020-10-31
509735,14676653,14676653,2255,509735,148935,509735,17,0,0.0,0.0,786678.0,2039,0,13,132076,2020-11-01
511368,14772754,14772754,1633,511368,96101,511368,14,0,0.0,0.0,1751443.0,2102,0,14,134073,2020-11-02
513689,14900623,14900623,2321,513689,127869,513689,15,0,1.0,0.0,1606096.0,2149,0,14,136395,2020-11-03
515815,15034157,15034157,2126,515815,133534,515815,15,0,0.0,0.0,1693937.0,2163,0,14,136948,2020-11-04
518812,15195176,15195176,2997,518812,161019,518812,24,0,0.0,0.0,1797589.0,2234,0,14,135901,2020-11-05
522021,15355881,15355881,3209,522021,160705,522021,18,0,0.0,0.0,1840860.0,2370,0,15,137875,2020-11-06
525608,15519172,15519172,3587,525608,163291,525608,18,0,0.0,0.0,1246356.0,2590,0,17,141636,2020-11-07
529036,15664814,15664814,3428,529036,145642,529036,19,0,0.0,0.0,928516.0,2757,0,18,141166,2020-11-08
532180,15776230,15776230,3144,532180,111416,532180,26,0,0.0,0.0,1756175.0,2973,0,19,143354,2020-11-09
536145,15904266,15904266,3965,536145,128036,536145,32,0,0.0,0.0,1840750.0,3208,0,22,143378,2020-11-10
540965,16068566,16068566,4820,540965,164300,540965,21,0,1.0,0.0,1617862.0,3593,0,23,147773,2020-11-11
545762,16231193,16231193,4797,545762,162627,545762,29,0,0.0,0.0,1780212.0,3850,0,23,148002,2020-11-12
551163,16434914,16434914,5401,551163,203721,551163,24,0,0.0,0.0,1820025.0,4163,0,24,154148,2020-11-13
556551,16619076,16619076,5388,556551,184162,556551,24,0,0.0,0.0,1215491.0,4420,0,25,157129,2020-11-14
560200,16752278,16752278,3649,560200,133202,560200,30,0,0.0,0.0,821555.0,4452,0,27,155352,2020-11-15
563690,16876843,16876843,3490,563690,124565,563690,26,0,0.0,0.0,1745282.0,4501,0,27,157230,2020-11-16
568778,17036695,17036695,5088,568778,159852,568778,30,0,0.0,0.0,1792431.0,4662,0,26,161776,2020-11-17
574072,17191129,17191129,5294,574072,154434,574072,36,0,0.0,0.0,1791183.0,4730,0,28,160366,2020-11-18
579382,17386368,17386368,5310,579382,195239,579382,32,0,0.0,0.0,1761064.0,4803,0,29,165025,2020-11-19
584850,17591834,17591834,5468,584850,205466,584850,35,0,0.0,0.0,1803896.0,4812,0,30,165274,2020-11-20
590822,17799741,17799741,5972,590822,207907,590822,34,0,0.0,0.0,1157976.0,4896,0,32,168666,2020-11-21
596214,17996351,17996351,5392,596214,196610,596214,31,0,0.0,0.0,818055.0,5145,0,32,177725,2020-11-22
602120,18187840,18187840,5906,602120,191489,602120,33,0,0.0,0.0,1649748.0,5490,0,33,187285,2020-11-23
607001,18352601,18352601,4881,607001,164761,607001,51,0,0.0,0.0,1739107.0,5460,0,36,187987,2020-11-24
613266,18525686,18525686,6265,613266,173085,613266,41,0,0.0,0.0,1691393.0,5599,0,37,190651,2020-11-25
620199,18743407,18743407,6933,620199,217721,620199,67,0,1.0,1.0,653123.0,5831,0,42,193863,2020-11-26
628375,18962849,18962849,8176,628375,219442,628375,39,0,0.0,0.0,1265519.0,6218,0,42,195859,2020-11-27
634438,19115204,19115204,6063,634438,152355,634438,44,0,0.0,0.0,1034026.0,6231,0,44,187923,2020-11-28
641161,19272524,19272524,6723,641161,157320,641161,58,0,0.0,0.0,827800.0,6421,0,48,182310,2020-11-29
647980,19421498,19421498,6819,647980,148974,647980,57,0,0.0,0.0,1462166.0,6551,0,51,176237,2020-11-30
655265,19568173,19568173,7285,655265,146675,655265,69,0,0.0,0.0,1709780.0,6895,0,54,173653,2020-12-01
664238,19761724,19761724,8973,664238,193551,664238,73,0,0.0,0.0,1703245.0,7282,0,58,176577,2020-12-02
674093,19965164,19965164,9855,674093,203440,674093,66,0,0.0,0.0,1739370.0,7699,0,58,174537,2020-12-03
685364,20173461,20173461,11271,685364,208297,685364,62,0,0.0,0.0,1704749.0,8141,0,61,172945,2020-12-04
696125,20388862,20388862,10761,696125,215401,696125,72,0,0.0,0.0,1001236.0,8812,0,65,181951,2020-12-05
705827,20594694,20594694,9702,705827,205832,705827,60,0,0.0,0.0,879278.0,9238,0,66,188881,2020-12-06
713129,20746981,20746981,7302,713129,152287,713129,83,0,0.0,0.0,1659836.0,9307,0,69,189355,2020-12-07
722464,20909445,20909445,9335,722464,162464,722464,75,0,0.0,0.0,1544078.0,9600,0,70,191610,2020-12-08
733064,21104040,21104040,10600,733064,194595,733064,97,0,0.0,0.0,1705159.0,9832,0,74,191759,2020-12-09
743242,21301446,21301446,10178,743242,197406,743242,94,0,0.0,0.0,1764682.0,9878,0,78,190897,2020-12-10
753837,21514118,21514118,10595,753837,212672,753837,89,0,0.0,0.0,1789568.0,9782,0,81,191522,2020-12-11
764966,21757045,21757045,11129,764966,242927,764966,88,0,0.0,0.0,1091372.0,9834,0,84,195455,2020-12-12
775160,21962295,21962295,10194,775160,205250,775160,110,0,0.0,0.0,911519.0,9905,0,91,195372,2020-12-13
784204,22122139,22122139,9044,784204,159844,784204,85,0,0.0,0.0,1587068.0,10154,0,91,196451,2020-12-14
794557,22316327,22316327,10353,794557,194188,794557,132,0,0.0,0.0,1786741.0,10299,0,99,200983,2020-12-15
804555,22477274,22477274,9998,804555,160947,804555,98,0,0.0,0.0,1571978.0,10213,0,99,196176,2020-12-16
815469,22680046,22680046,10914,815469,202772,815469,122,0,0.0,0.0,1081431.0,10318,0,103,196943,2020-12-17
828166,22929431,22929431,12697,828166,249385,828166,122,0,0.0,0.0,1738727.0,10618,0,108,202188,2020-12-18
838085,23120907,23120907,9919,838085,191476,838085,130,0,0.0,0.0,1112852.0,10446,0,114,194837,2020-12-19
848042,23318158,23318158,9957,848042,197251,848042,124,0,0.0,0.0,822001.0,10412,0,116,193695,2020-12-20
857049,23474668,23474668,9007,857049,156510,857049,111,0,0.0,0.0,1719279.0,10406,0,120,193218,2020-12-21
866765,23639536,23639536,9716,866765,164868,866765,141,0,0.0,0.0,1764202.0,10315,0,121,189030,2020-12-22
878702,23843897,23843897,11937,878702,204361,878702,166,0,0.0,0.0,1775738.0,10592,0,131,195232,2020-12-23
891270,24070193,24070193,12568,891270,226296,891270,133,0,0.0,0.0,1314656.0,10829,0,132,198592,2020-12-24
903716,24296753,24296753,12446,903716,226560,903716,121,0,1.0,1.0,485839.0,10793,0,132,195332,2020-12-25
914522,24498195,24498195,10806,914522,201442,914522,126,0,0.0,0.0,880184.0,10920,0,132,196755,2020-12-26
922145,24628494,24628494,7623,922145,130299,922145,115,0,0.0,0.0,761251.0,10586,0,130,187191,2020-12-27
932552,24753360,24753360,10407,932552,124866,932552,118,0,0.0,0.0,1513195.0,10786,0,131,182670,2020-12-28
943990,24913524,24913524,11438,943990,160164,943990,127,0,0.0,0.0,1558295.0,11032,0,129,181998,2020-12-29
957412,25068473,25068473,13422,957412,154949,957412,149,0,0.0,0.0,1585476.0,11244,0,127,174939,2020-12-30
974214,25285060,25285060,16802,974214,216587,974214,135,0,0.0,0.0,1277146.0,11849,0,127,173552,2020-12-31
990711,25504313,25504313,16497,990711,219253,990711,168,0,0.0,0.0,614497.0,12428,0,134,172509,2021-01-01
1005785,25706759,25706759,15074,1005785,202446,1005785,129,0,0.0,0.0,989612.0,13038,0,134,172652,2021-01-02
1017153,25849104,25849104,11368,1017153,142345,1017153,139,0,0.0,0.0,653915.0,13573,0,138,174373,2021-01-03
1028362,25983464,25983464,11209,1028362,134360,1028362,172,0,0.0,0.0,1561237.0,13687,0,146,175729,2021-01-04
1041028,26135866,26135866,12666,1041028,152402,1041028,154,0,0.0,0.0,1600910.0,13863,0,149,174620,2021-01-05
1057676,26333682,26333682,16648,1057676,197816,1057676,163,0,0.0,0.0,1616889.0,14323,0,151,180744,2021-01-06
1075312,26572232,26572232,17636,1075312,238550,1075312,199,0,0.0,0.0,1614248.0,14443,0,161,183882,2021-01-07
1094144,26816135,26816135,18832,1094144,243903,1094144,165,0,0.0,0.0,1622259.0,14776,0,160,187403,2021-01-08
1111087,27074166,27074166,16943,1111087,258031,1111087,190,0,0.0,0.0,991218.0,15043,0,169,195344,2021-01-09
1126442,27321002,27321002,15355,1126442,246836,1126442,153,0,0.0,0.0,763690.0,15613,0,171,210271,2021-01-10
1140156,27524906,27524906,13714,1140156,203904,1140156,169,0,0.0,0.0,1571330.0,15971,0,170,220206,2021-01-11
1155370,27721577,27721577,15214,1155370,196671,1155370,166,0,0.0,0.0,1643725.0,16335,0,172,226530,2021-01-12
1169947,27918445,27918445,14577,1169947,196868,1169947,168,0,0.0,0.0,1644812.0,16039,0,173,226395,2021-01-13
1183608,28131034,28131034,13661,1183608,212589,1183608,204,0,0.0,0.0,1650630.0,15471,0,174,222686,2021-01-14
1203550,28455705,28455705,19942,1203550,324671,1203550,187,0,0.0,0.0,1630098.0,15629,0,177,234224,2021-01-15
1219548,28732991,28732991,15998,1219548,277286,1219548,159,0,0.0,0.0,992599.0,15494,0,172,236975,2021-01-16
1233390,28979498,28979498,13842,1233390,246507,1233390,172,0,0.0,0.0,798564.0,15278,0,175,236928,2021-01-17
1245575,29165703,29165703,12185,1245575,186205,1245575,155,0,0.0,0.0,1279119.0,15060,0,173,234400,2021-01-18
1258087,29342972,29342972,12512,1258087,177269,1258087,172,0,0.0,0.0,1639243.0,14674,0,174,231628,2021-01-19
1271451,29538381,29538381,13364,1271451,195409,1271451,191,0,0.0,0.0,1578038.0,14501,0,177,231419,2021-01-20
1285337,29762950,29762950,13886,1285337,224569,1285337,179,0,0.0,0.0,1656100.0,14533,0,174,233131,2021-01-21
1300481,30030951,30030951,15144,1300481,268001,1300481,169,0,0.0,0.0,1675175.0,13847,0,171,225035,2021-01-22
1314267,30293057,30293057,13786,1314267,262106,1314267,144,0,0.0,0.0,998665.0,13531,0,169,222867,2021-01-23
1326987,30543012,30543012,12720,1326987,249955,1326987,162,0,0.0,0.0,741960.0,13371,0,167,223359,2021-01-24
1338990,30762550,30762550,12003,1338990,219538,1338990,173,0,0.0,0.0,1595694.0,13345,0,170,228121,2021-01-25
1350054,30925488,30925488,11064,1350054,162938,1350054,165,0,0.0,0.0,1553918.0,13138,0,169,226074,2021-01-26
1361082,31128149,31128149,11028,1361082,202661,1361082,172,0,0.0,0.0,1663376.0,12804,0,166,227110,2021-01-27
1374480,31378817,31378817,13398,1374480,250668,1374480,163,0,0.0,0.0,1650014.0,12735,0,164,230838,2021-01-28
1387059,31649335,31649335,12579,1387059,270518,1387059,151,0,0.0,0.0,1514326.0,12368,0,161,231198,2021-01-29
1399863,31918685,31918685,12804,1399863,269350,1399863,143,0,0.0,0.0,943426.0,12228,0,161,232233,2021-01-30
1410656,32161751,32161751,10793,1410656,243066,1410656,142,0,0.0,0.0,723473.0,11953,0,158,231248,2021-01-31
1419164,32336789,32336789,8508,1419164,175038,1419164,141,0,0.0,0.0,584184.0,11453,0,154,224891,2021-02-01
1427379,32486988,32486988,8215,1427379,150199,1427379,147,0,0.0,0.0,1007502.0,11046,0,151,223071,2021-02-02
1433304,32613477,32613477,5925,1433304,126489,1433304,165,0,0.0,0.0,1705655.0,10317,0,150,212190,2021-02-03
1440718,32782663,32782663,7414,1440718,169186,1440718,136,0,0.0,0.0,1789214.0,9463,0,146,200549,2021-02-04
1449495,32986290,32986290,8777,1449495,203627,1449495,153,0,0.0,0.0,1744130.0,8919,0,147,190994,2021-02-05
1460747,33247575,33247575,11252,1460747,261285,1460747,159,0,0.0,0.0,1149757.0,8698,0,149,189841,2021-02-06
1470772,33498467,33498467,10025,1470772,250892,1470772,145,0,0.0,0.0,653257.0,8588,0,149,190959,2021-02-07
1479220,33695650,33695650,8448,1479220,197183,1479220,115,0,0.0,0.0,1642828.0,8579,0,146,194123,2021-02-08
1487086,33849298,33849298,7866,1487086,153648,1487086,142,0,0.0,0.0,1669590.0,8530,0,145,194616,2021-02-09
1494187,34026048,34026048,7101,1494187,176750,1494187,138,0,0.0,0.0,1753405.0,8698,0,141,201796,2021-02-10
1504286,34311547,34311547,10099,1504286,285499,1504286,124,0,0.0,0.0,1717804.0,9081,0,139,218412,2021-02-11
1512690,34548681,34548681,8404,1512690,237134,1512690,139,0,0.0,0.0,1709253.0,9028,0,137,223199,2021-02-12
1521453,34802244,34802244,8763,1521453,253563,1521453,127,0,0.0,0.0,1093261.0,8672,0,133,222096,2021-02-13
1529769,35036952,35036952,8316,1529769,234708,1529769,109,0,0.0,0.0,858877.0,8428,0,128,219784,2021-02-14
1536134,35217456,35217456,6365,1536134,180504,1536134,103,0,0.0,0.0,1216595.0,8131,0,126,217401,2021-02-15
1542887,35353848,35353848,6753,1542887,136392,1542887,107,0,0.0,0.0,1628620.0,7972,0,121,214936,2021-02-16
1548979,35523811,35523811,6092,1548979,169963,1548979,112,0,0.0,0.0,1735046.0,7827,0,117,213966,2021-02-17
1555773,35739542,35739542,6794,1555773,215731,1555773,116,0,0.0,0.0,1383212.0,7355,0,116,203999,2021-02-18
1564483,35988790,35988790,8710,1564483,249248,1564483,119,0,0.0,0.0,1566326.0,7399,0,113,205730,2021-02-19
1572175,36240435,36240435,7692,1572175,251645,1572175,101,0,0.0,0.0,1112826.0,7246,0,110,205456,2021-02-20
1578785,36461592,36461592,6610,1578785,221157,1578785,75,0,0.0,0.0,837871.0,7002,0,105,203520,2021-02-21
1584931,36603611,36603611,6146,1584931,142019,1584931,90,0,0.0,0.0,1584469.0,6971,0,103,198022,2021-02-22
1591585,36760944,36760944,6654,1591585,157333,1591585,90,0,0.0,0.0,1733100.0,6957,0,100,201014,2021-02-23
1597774,36977757,36977757,6189,1597774,216813,1597774,104,0,0.0,0.0,1809764.0,6971,0,99,207707,2021-02-24
1606520,37256699,37256699,8746,1606520,278942,1606520,92,0,0.0,0.0,1801238.0,7250,0,96,216737,2021-02-25
1614724,37547888,37547888,8204,1614724,291189,1614724,94,0,0.0,0.0,1823038.0,7177,0,92,222728,2021-02-26
1622865,37833195,37833195,8141,1622865,285307,1622865,86,0,0.0,0.0,1072896.0,7241,0,90,227537,2021-02-27
1630445,38106915,38106915,7580,1630445,273720,1630445,90,0,0.0,0.0,809970.0,7380,0,92,235046,2021-02-28
1636680,38281073,38281073,6235,1636680,174158,1636680,80,0,0.0,0.0,1698005.0,7393,0,91,239637,2021-03-01
1642480,38409107,38409107,5800,1642480,128034,1642480,83,0,0.0,0.0,1751200.0,7271,0,90,235452,2021-03-02
1650184,38627176,38627176,7704,1650184,218069,1650184,75,0,0.0,0.0,1847193.0,7487,0,86,235631,2021-03-03
1657777,38897265,38897265,7593,1657777,270089,1657777,61,0,0.0,0.0,1806880.0,7322,0,81,234367,2021-03-04
1666733,39194200,39194200,8956,1666733,296935,1666733,95,0,0.0,0.0,,7430,0,81,235187,2021-03-05
1674380,39467332,39467332,7647,1674380,273132,1674380,79,0,0.0,0.0,,7359,0,80,233448,2021-03-06
